x,y,z,x_quat,y_quat,z_quat,w_quat,speed
89631.1,43131.4,0,0,0,0.902312891154511,0.431081716680709,8.33333333333333
89630.682612304,43131.9682988484,0,0,0,0.903052974678037,0.429529189840632,8.33333333333333
89630.2486163514,43132.5229594312,0,0,0,0.903848795008914,0.427852025542632,8.33333333333333
89629.8015698287,43133.0668872473,0,0,0,0.904609868955627,0.426240524807394,8.33333333333333
89629.3450304222,43133.6029877955,0,0,0,0.905247044748219,0.424885617519134,8.33333333333333
89628.8825558185,43134.1341665749,0,0,0,0.905672161994804,0.423978696384214,8.33333333333333
89628.417703704,43134.6633290845,0,0,0,0.905797307944916,0.423711265981616,8.33333333333333
89627.954031765,43135.193380823,0,0,0,0.905533669842887,0.424274407407368,8.33333333333333
89627.495097688,43135.7272272894,0,0,0,0.904789985758271,0.425858053430422,8.33333333333333
89627.0444572367,43136.2677724515,0,0,0,0.903470835954905,0.42864956383851,8.33333333333333
89626.6042577172,43136.816798655,0,0,0,0.90164852455826,0.432469580620318,8.33333333333333
89626.1727498124,43137.3729851789,0,0,0,0.899881402228244,0.43613468323871,8.33333333333333
89625.7475159507,43137.9344791392,0,0,0,0.898829646274855,0.438298148498736,8.33333333333333
89625.3261348553,43138.4994241886,0,0,0,0.899160063507379,0.437619903790271,8.33333333333333
89624.9050897127,43139.064940093,0,0,0,0.901126350726758,0.433556570733135,8.33333333333333
89624.4782461473,43139.6257002475,0,0,0,0.904023721827665,0.427482292467017,8.33333333333333
89624.0390870986,43140.1760203907,0,0,0,0.907031220599043,0.421063373922038,8.33333333333333
89623.5810955065,43140.710216261,0,0,0,0.909370796154312,0.415986484277642,8.33333333333333
89623.0998096837,43141.2243590598,0,0,0,0.910381822629724,0.413769183271763,8.33333333333333
89622.6046586736,43141.7263838484,0,0,0,0.909966952461206,0.414680775330211,8.33333333333333
89622.1108228289,43142.2291377939,0,0,0,0.908234638173201,0.418461279000094,8.33333333333333
89621.6335008836,43142.7454837622,0,0,0,0.905269544821521,0.424837676317245,8.33333333333333
89621.1864091389,43143.2870252362,0,0,0,0.901173174573365,0.433459236179556,8.33333333333333
89620.7684452551,43143.8527766975,0,0,0,0.896382808519724,0.443280792038513,8.33333333333333
89620.3699806886,43144.434509292,0,0,0,0.891572318883194,0.452878350333999,8.33333333333333
89619.981284783,43145.0239074171,0,0,0,0.887476800132172,0.46085239418621,8.33333333333333
89619.5928865464,43145.612886489,0,0,0,0.884841893954633,0.465891428020282,8.33333333333333
89619.2004760896,43146.19795367,0,0,0,0.883744488713875,0.467969741188307,8.33333333333333
89618.8044905525,43146.7798394734,0,0,0,0.883609550853408,0.468224477831561,8.33333333333333
89618.4055437426,43147.359431591,0,0,0,0.883820166734706,0.467826797942397,8.33333333333333
89618.0042553811,43147.93762001,0,0,0,0.88375841692877,0.467943437295102,8.33333333333333
89617.6020525224,43148.5156081062,0,0,0,0.883025281949166,0.469325421683714,8.33333333333333
89617.2019821512,43149.095228075,0,0,0,0.881658366074,0.471888255344128,8.33333333333333
89616.8072848364,43149.678387257,0,0,0,0.879744823573724,0.475446154044007,8.33333333333333
89616.4212011466,43150.2669929927,0,0,0,0.877370909676745,0.4798127622865,8.33333333333333
89616.0461667242,43150.8624846393,0,0,0,0.874599684863607,0.484845739629091,8.33333333333333
89615.6808103434,43151.4640882442,0,0,0,0.871379915195759,0.490608849689274,8.33333333333333
89615.3226364479,43152.0703761707,0,0,0,0.867622164740438,0.497224073483089,8.33333333333333
89614.9691493161,43152.6799206856,0,0,0,0.863230757472428,0.504809527795958,8.33333333333333
89614.6187310005,43153.2917142185,0,0,0,0.858076320806312,0.5135221783638,8.33333333333333
89614.2761799182,43153.9078205097,0,0,0,0.851823456476399,0.523828978767499,8.33333333333333
89613.9491427945,43154.5316666946,0,0,0,0.844017186442795,0.536316127847362,8.33333333333333
89613.6452792112,43155.1666860625,0,0,0,0.834151379432539,0.551535562036387,8.33333333333333
89613.3721533326,43155.8162032355,0,0,0,0.821668763335273,0.569965300135968,8.33333333333333
89613.1349580069,43156.4808422336,0,0,0,0.806354146510379,0.591432997393212,8.33333333333333
89612.936412221,43157.1584096895,0,0,0,0.788423357049147,0.6151330019267,8.33333333333333
89612.7791190242,43157.8465801993,0,0,0,0.768165796946064,0.640250972980298,8.33333333333333
89612.6656854491,43158.5430262984,0,0,0,0.745936889853714,0.666016633692709,8.33333333333333
89612.5989343617,43159.2453088711,0,0,0,0.721858682346925,0.692040492110368,8.33333333333333
89612.5820105025,43159.9508222949,0,0,0,0.695604698509219,0.71842473747213,8.33333333333333
89612.6180848706,43160.6569473638,0,0,0,0.666775680667215,0.745258473062045,8.33333333333333
89612.7103286587,43161.3610637941,0,0,0,0.634935608567488,0.772565060673231,8.33333333333333
89612.8622906376,43162.0584494538,0,0,0,0.59959483965464,0.800303710012347,8.33333333333333
89613.0786853515,43162.7378927554,0,0,0,0.560170222528144,0.828377523712932,8.33333333333333
89613.3644516278,43163.3869336029,0,0,0,0.516029959495828,0.856570534692114,8.33333333333333
89613.7245282938,43163.9931119002,0,0,0,0.466513319950928,0.884514173039846,8.33333333333333
89614.162396939,43164.5448268034,0,0,0,0.411185304413099,0.911551778800693,8.33333333333333
89614.6712481098,43165.0365455219,0,0,0,0.351383540088135,0.936231599421388,8.33333333333333
89615.2398408114,43165.4653482978,0,0,0,0.289435925840414,0.957197390736573,8.33333333333333
89615.8569167423,43165.8283255776,0,0,0,0.227912761229762,0.973681556397483,8.33333333333333
89616.5113375488,43166.1221774743,0,0,0,0.169172138174275,0.985586519624505,8.33333333333333
89617.1929198921,43166.3404962884,0,0,0,0.112758350618414,0.993622440550642,8.33333333333333
89617.891936841,43166.4753890771,0,0,0,0.0567557653686245,0.998388092425697,8.33333333333333
89618.5986642999,43166.5189536696,0,0,0,-0.000830329641102582,0.999999655276284,8.33333333333333
89619.3033692278,43166.4635379449,0,0,0,-0.0619125828576877,0.998081575866367,8.33333333333333
89619.9960281189,43166.3096089601,0,0,0,-0.125692665190024,0.992069228389546,8.33333333333333
89620.6662703002,43166.0673379303,0,0,0,-0.188196802189615,0.982131337268903,8.33333333333333
89621.3037046991,43165.7474662796,0,0,0,-0.245406822454881,0.969420183146915,8.33333333333333
89621.8980752377,43165.3607490471,0,0,0,-0.293604136565721,0.955927095019017,8.33333333333333
89622.4467223953,43164.9187074231,0,0,0,-0.331521024898057,0.94344783112292,8.33333333333333
89622.958480787,43164.4340218406,0,0,0,-0.361236968473617,0.932474049294666,8.33333333333333
89623.443141695,43163.9194692171,0,0,0,-0.385005657047874,0.922914212720302,8.33333333333333
89623.9104963742,43163.3878264391,0,0,0,-0.404980512698898,0.914325316467907,8.33333333333333
89624.3678345498,43162.8490274354,0,0,0,-0.422907614670333,0.906172803307321,8.33333333333333
89624.8130986557,43162.3023830534,0,0,0,-0.439276742756445,0.898351792603147,8.33333333333333
89625.2420482982,43161.7447233835,0,0,0,-0.454285215489662,0.890856297607819,8.33333333333333
89625.6504430836,43161.1728785165,0,0,0,-0.468124475617532,0.88366253475397,8.33333333333333
89626.0349670614,43160.5844064386,0,0,0,-0.480950003356938,0.876748022108383,8.33333333333333
89626.3977096432,43159.9811212552,0,0,0,-0.492737090719402,0.870178234288459,8.33333333333333
89626.7427191125,43159.3663794644,0,0,0,-0.50339861036352,0.864054303318997,8.33333333333333
89627.074046479,43158.7435397109,0,0,0,-0.51284938299387,0.858478602157798,8.33333333333333
89627.3955908447,43158.115836381,0,0,0,-0.52103348513872,0.853536236702461,8.33333333333333
89627.7090773145,43157.4847255587,0,0,0,-0.528294582625606,0.849061148544931,8.33333333333333
89628.0146066714,43156.8503346535,0,0,0,-0.53526519355914,0.844684066716128,8.33333333333333
89628.3122406616,43156.2127591435,0,0,0,-0.542571659886237,0.840009520117655,8.33333333333333
89628.6020048078,43155.5720747777,0,0,0,-0.550806245808789,0.834633140713947,8.33333333333333
89628.8820575888,43154.927340433,0,0,0,-0.559526909046552,0.82881218502916,8.33333333333333
89629.1478272104,43154.2761279625,0,0,0,-0.566824067729343,0.823838865460207,8.33333333333333
89629.3945251532,43153.6158911816,0,0,0,-0.570713954282298,0.821148940441053,8.33333333333333
89629.617366015,43152.9440855155,0,0,0,-0.56921952511154,0.822185582597867,8.33333333333333
89629.8185965278,43152.261798631,0,0,0,-0.561282764237044,0.827624104633512,8.33333333333333
89630.022461027,43151.5814804074,0,0,0,-0.548848635307173,0.835921752032721,8.33333333333333
89630.2574934805,43150.9177964073,0,0,0,-0.534497293217271,0.845170186142064,8.33333333333333
89630.5522278564,43150.2854121932,0,0,0,-0.520910485091319,0.853611308806255,8.33333333333333
89630.9273548844,43149.694906604,0,0,0,-0.510605757153507,0.859814957279585,8.33333333333333
89631.3555378163,43149.1318337362,0,0,0,-0.504499924873247,0.863411735965459,8.33333333333333
89631.7912684247,43148.5722794275,0,0,0,-0.50286229285668,0.8643665393934,8.33333333333333
89632.1890043511,43147.9923117315,0,0,0,-0.50592163601974,0.862579444577199,8.33333333333333
89632.5080363328,43147.370528948,0,0,0,-0.513658248100062,0.857994874203089,8.33333333333333
89632.7607411076,43146.713321222,0,0,0,-0.523793164807534,0.851845479239579,8.33333333333333
89632.9923282436,43146.0442675044,0,0,0,-0.532725728466585,0.846287952312773,8.33333333333333
89633.2484333887,43145.3871694193,0,0,0,-0.536926904277261,0.843628768750353,8.33333333333333
89633.5563909708,43144.7561301903,0,0,0,-0.534365620028065,0.845253443726804,8.33333333333333
89633.8996691917,43144.1420069277,0,0,0,-0.526495907971464,0.850177663132421,8.33333333333333
89634.2553002917,43143.5322461208,0,0,0,-0.51526161756608,0.857032943044307,8.33333333333333
89634.6005053684,43142.9144103916,0,0,0,-0.502623938993079,0.864505162477982,8.33333333333333
89634.927365598,43142.2852001685,0,0,0,-0.489496787984221,0.87200510007289,8.33333333333333
89635.2532923761,43141.656892019,0,0,0,-0.474917656978743,0.880030237599721,8.33333333333333
89635.5981685582,43141.0432822683,0,0,0,-0.457700289188063,0.889106543265296,8.33333333333333
89635.9818769999,43140.4581672421,0,0,0,-0.436607220345546,0.899652230110133,8.33333333333333
89636.4223844719,43139.9143318811,0,0,0,-0.410518741430215,0.911852160678776,8.33333333333333
89636.9190486724,43139.4147385301,0,0,0,-0.380040076462509,0.924970021288458,8.33333333333333
89637.4607599691,43138.9568244679,0,0,0,-0.346838814630529,0.937924750001667,8.33333333333333
89638.0362919799,43138.5379653478,0,0,0,-0.31270191582544,0.949851310384472,8.33333333333333
89638.634556249,43138.155614387,0,0,0,-0.27945618992691,0.960158444170302,8.33333333333333
89639.2502047152,43137.810452954,0,0,0,-0.246521312297327,0.969137370336736,8.33333333333333
89639.8855729655,43137.5074833701,0,0,0,-0.209938485198328,0.977714596614284,8.33333333333333
89640.543533551,43137.2520099224,0,0,0,-0.165385090205309,0.986229066666452,8.33333333333333
89641.2258171375,43137.0507590807,0,0,0,-0.109087793432042,0.99403211885941,8.33333333333333
89641.9247778261,43136.9221355453,0,0,0,-0.0426537978241739,0.999089912636082,8.33333333333333
89642.6281700938,43136.8902727097,0,0,0,0.0294411096505453,0.999566516577333,8.33333333333333
89643.32397851,43136.9762312648,0,0,0,0.102646022222462,0.994717947019106,8.33333333333333
89644.0024310004,43137.174403119,0,0,0,0.173558599858074,0.9848235437962,8.33333333333333
89644.6548958166,43137.4656241019,0,0,0,0.239495903585056,0.970897374682813,8.33333333333333
89645.2724681519,43137.8312736551,0,0,0,0.298295561169852,0.954473550281181,8.33333333333333
89645.8421970659,43138.2620630818,0,0,0,0.352130753627715,0.935950817270639,8.33333333333333
89646.3481036454,43138.7556872969,0,0,0,0.406075652524502,0.913839463159039,8.33333333333333
89646.7741735175,43139.3099981998,0,0,0,0.46477756461983,0.885427476096185,8.33333333333333
89647.1134500111,43139.9200825501,0,0,0,0.528714728695233,0.848799585096934,8.33333333333333
89647.3797492254,43140.5746855866,0,0,0,0.590482498318706,0.807050444011587,8.33333333333333
89647.5897874657,43141.2616671716,0,0,0,0.642848610189105,0.765993253480692,8.33333333333333
89647.7561164743,43141.9691699881,0,0,0,0.681466469602144,0.731849336139611,8.33333333333333
89647.8716483241,43142.6866704729,0,0,0,0.709147649588572,0.705060005306643,8.33333333333333
89647.9235110555,43143.4040378634,0,0,0,0.730049119765905,0.683394675666285,8.33333333333333
89647.898831898,43144.1111414524,0,0,0,0.747766080903847,0.663962264175986,8.33333333333333
89647.784738081,43144.7978505323,0,0,0,0.765482826602484,0.643456324995466,8.33333333333333
89647.5696680071,43145.4546369436,0,0,0,0.785834918754558,0.618436318844565,8.33333333333333
89647.2665566323,43146.0832298816,0,0,0,0.80811220665467,0.589028574396624,8.33333333333333
89646.9100508855,43146.695336247,0,0,0,0.829188739616635,0.558968723716253,8.33333333333333
89646.5355494096,43147.3030083894,0,0,0,0.846415634222426,0.5325228390819,8.33333333333333
89646.1780793321,43147.9181634799,0,0,0,0.857673183802905,0.514195205914436,8.33333333333333
89645.8531224566,43148.5456069808,0,0,0,0.862858285644057,0.505445920841587,8.33333333333333
89645.5473466723,43149.1796602008,0,0,0,0.864309670647554,0.502960031438997,8.33333333333333
89645.245106651,43149.8138027677,0,0,0,0.864340897588245,0.502906365794217,8.33333333333333
89644.9307570643,43150.4415143092,0,0,0,0.865205075533728,0.501418166075657,8.33333333333333
89644.590876512,43151.0570114785,0,0,0,0.868758444971445,0.49523606925465,8.33333333333333
89644.2238569285,43151.6584259503,0,0,0,0.874853103580691,0.484388322686697,8.33333333333333
89643.8319975322,43152.2451843008,0,0,0,0.882671748152453,0.469989983950183,8.33333333333333
89643.4176000313,43152.8167139311,0,0,0,0.891421295924236,0.453175543440679,8.33333333333333
89642.9829222716,43153.3724408053,0,0,0,0.900366163237751,0.435133051027534,8.33333333333333
89642.5291835697,43153.9117568552,0,0,0,0.908703941071521,0.417441190446134,8.33333333333333
89642.0565479501,43154.4340194311,0,0,0,0.915601508953172,0.402086902053118,8.33333333333333
89641.5651322214,43154.938584336,0,0,0,0.920338557348776,0.391122665997733,8.33333333333333
89641.0557148834,43155.4254831696,0,0,0,0.92232375155175,0.386418034418047,8.33333333333333
89640.5366130238,43155.902446818,0,0,0,0.921843978100987,0.387561195218184,8.33333333333333
89640.0209353926,43156.3820999729,0,0,0,0.919681431828841,0.392665333266451,8.33333333333333
89639.5218674299,43156.8771456508,0,0,0,0.916598824646667,0.399808197335107,8.33333333333333
89639.0493329148,43157.3971734853,0,0,0,0.913302352658755,0.407282227242956,8.33333333333333
89638.5983198573,43157.9375163334,0,0,0,0.910131667641115,0.414319137328707,8.33333333333333
89638.1595435997,43158.4894286235,0,0,0,0.90732836731771,0.420422684759729,8.33333333333333
89637.7237191424,43159.0441644578,0,0,0,0.905145392083609,0.425102127952577,8.33333333333333
89637.2823430613,43159.5937103693,0,0,0,0.903815484387135,0.427922388035552,8.33333333333333
89636.8344969723,43160.1371609921,0,0,0,0.903322886527003,0.428961260111591,8.33333333333333
89636.3835264578,43160.6776068131,0,0,0,0.903503499762332,0.428580711088608,8.33333333333333
89635.9328245706,43161.218182805,0,0,0,0.904184343055866,0.427142451382009,8.33333333333333
89635.4856421904,43161.761895675,0,0,0,0.905191121719346,0.425004744868186,8.33333333333333
89635.0416434572,43162.3085162527,0,0,0,0.906377897320003,0.422467877180941,8.33333333333333
89634.5967204299,43162.8544122798,0,0,0,0.907629723306933,0.419771706252078,8.33333333333333
89634.1465858975,43163.3957897642,0,0,0,0.908835634746605,0.417154394696658,8.33333333333333
89633.6869758261,43163.9288752768,0,0,0,0.909887221044079,0.414855691753991,8.33333333333333
89633.216618878,43164.4525504858,0,0,0,0.910658417591542,0.413160073663548,8.33333333333333
89632.7401600777,43164.970946012,0,0,0,0.910985200721188,0.412439042849942,8.33333333333333
89632.2629389595,43165.4888086396,0,0,0,0.910697625499506,0.413073643445768,8.33333333333333
89631.7902950494,43166.0108851453,0,0,0,0.909619610994332,0.415442129898401,8.33333333333333
89631.3265972214,43166.5409899176,0,0,0,0.907667680493426,0.419689625542119,8.33333333333333
89630.8725654806,43167.0794323172,0,0,0,0.905145218655946,0.425102497221881,8.33333333333333
89630.4280625716,43167.6256982387,0,0,0,0.902460868371145,0.430771843391371,8.33333333333333
89629.9929512395,43168.1792735767,0,0,0,0.900044235169243,0.435798548343856,8.33333333333333
89629.5667438269,43168.7394338786,0,0,0,0.898328382195812,0.439324615451326,8.33333333333333
89629.1462218113,43169.3038153471,0,0,0,0.897632564889717,0.440744572796431,8.33333333333333
89628.726885176,43169.8692849009,0,0,0,0.898210507931821,0.439565562164349,8.33333333333333
89628.3042265196,43170.4327050258,0,0,0,0.900293015996052,0.435284372966377,8.33333333333333
89627.8737659288,43170.990913577,0,0,0,0.90404603412006,0.427435104070537,8.33333333333333
89627.4315931463,43171.5402379724,0,0,0,0.909048942211158,0.416689357513214,8.33333333333333
89626.9743348389,43172.076524522,0,0,0,0.914394931760792,0.404823305616384,8.33333333333333
89626.4986386073,43172.5956007781,0,0,0,0.919241113267232,0.39369502877128,8.33333333333333
89626.0012881332,43173.0934377356,0,0,0,0.922841144763163,0.385180764748468,8.33333333333333
89625.4845482222,43173.5717840435,0,0,0,0.924836491857741,0.380364908118856,8.33333333333333
89624.9579163526,43174.040012313,0,0,0,0.925293805290909,0.379251069728576,8.33333333333333
89624.4313848589,43174.5080167833,0,0,0,0.92426534066796,0.381750677851316,8.33333333333333
89623.914946076,43174.9856916939,0,0,0,0.921761314850214,0.387757757428017,8.33333333333333
89623.4171357582,43175.4815180694,0,0,0,0.917683121497507,0.397313086266476,8.33333333333333
89622.9401251627,43175.9978019228,0,0,0,0.911569680219833,0.4111456166663,8.33333333333333
89622.4843476785,43176.5351631386,0,0,0,0.902768533430215,0.430126696507271,8.33333333333333
89622.0502366538,43177.0942215622,0,0,0,0.890469630267643,0.455042676648034,8.33333333333333
89621.638961885,43177.6755931164,0,0,0,0.873731669721259,0.486408233201393,8.33333333333333
89621.2610834204,43178.2798437092,0,0,0,0.852458430157634,0.522795012268845,8.33333333333333
89620.933637947,43178.9075047524,0,0,0,0.827430775326316,0.561567727031114,8.33333333333333
89620.6737905526,43179.5591069738,0,0,0,0.799816541766518,0.600244533100175,8.33333333333333
89620.4975455915,43180.234848767,0,0,0,0.771069248207061,0.636751297187055,8.33333333333333
89620.4059900124,43180.930657461,0,0,0,0.741320538302023,0.671151145042306,8.33333333333333
89620.3898643179,43181.6394980512,0,0,0,0.709464559394437,0.704741114852296,8.33333333333333
89620.4397010079,43182.3542759786,0,0,0,0.674131430811652,0.738611409329584,8.33333333333333
89620.5462058977,43183.0678271303,0,0,0,0.633746037299543,0.773541181972315,8.33333333333333
89620.7078747077,43183.7698611814,0,0,0,0.587894323889622,0.808937737986283,8.33333333333333
89620.9339772188,43184.4457640071,0,0,0,0.538190036767239,0.842823519085981,8.33333333333333
89621.2345731057,43185.0806044854,0,0,0,0.486748915731102,0.873541924028032,8.33333333333333
89621.6196182491,43185.6595305778,0,0,0,0.435989974308071,0.899951522195972,8.33333333333333
89622.0901137232,43186.1745131174,0,0,0,0.387219002288014,0.921987767959573,8.33333333333333
89622.6313328317,43186.6295062859,0,0,0,0.339365177060485,0.940654706360791,8.33333333333333
89623.2269542669,43187.0296792359,0,0,0,0.290947210724108,0.956739107892983,8.33333333333333
89623.8606567215,43187.3802011196,0,0,0,0.240354196548952,0.970685252901942,8.33333333333333
89624.5176680551,43187.6835911793,0,0,0,0.186579891371653,0.982439791608495,8.33333333333333
89625.1906537987,43187.9296462331,0,0,0,0.13194797064512,0.991256643378815,8.33333333333333
89625.8745088815,43188.1043496278,0,0,0,0.0798893944469387,0.996803734270143,8.33333333333333
89626.5641286509,43188.1936839945,0,0,0,0.0338771879586712,0.999426003331919,8.33333333333333
89627.254972051,43188.1871407665,0,0,0,-0.00336939025152496,0.999994323588556,8.33333333333333
89627.9466192077,43188.0998687618,0,0,0,-0.0344154766714064,0.999407612020981,8.33333333333333
89628.6404802378,43187.9584098351,0,0,0,-0.0641807657725533,0.997938289326975,8.33333333333333
89629.337973529,43187.7893573349,0,0,0,-0.0975821677158187,0.995227471759035,8.33333333333333
89630.0400961662,43187.6181496364,0,0,0,-0.139244669542364,0.990258007795967,8.33333333333333
89630.737369579,43187.4415068225,0,0,0,-0.188185836334296,0.982133438491512,8.33333333333333
89631.4093835143,43187.226180516,0,0,0,-0.237723136214763,0.971332955534927,8.33333333333333
89632.0352151589,43186.9375171908,0,0,0,-0.281140821758105,0.959666524549636,8.33333333333333
89632.5990403903,43186.5489199215,0,0,0,-0.312950189603315,0.949769539850194,8.33333333333333
89633.1134187941,43186.0786417676,0,0,0,-0.332791315740984,0.943000498497951,8.33333333333333
89633.6007289841,43185.560451142,0,0,0,-0.341930000716794,0.939725425116195,8.33333333333333
89634.0833590316,43185.0281314019,0,0,0,-0.341504333950218,0.939880199755915,8.33333333333333
89634.5836970082,43184.5154659047,0,0,0,-0.332543268493563,0.943087999382676,8.33333333333333
89635.1198713203,43184.0503922112,0,0,0,-0.31608988401557,0.948729247584907,8.33333333333333
89635.6912811007,43183.6351445647,0,0,0,-0.293547005815501,0.955944640330576,8.33333333333333
89636.2921793989,43183.2648949263,0,0,0,-0.26644374478293,0.963850471217423,8.33333333333333
89636.9168191175,43182.9348150555,0,0,0,-0.236358662672737,0.971665880114947,8.33333333333333
89637.5595790126,43182.6403299242,0,0,0,-0.204884095195852,0.978786242003726,8.33333333333333
89638.2170889002,43182.3813935491,0,0,0,-0.172826336862,0.984952312189206,8.33333333333333
89638.88792131,43182.1618686116,0,0,0,-0.140285942983359,0.990111031249157,8.33333333333333
89639.5707125364,43181.9857460849,0,0,0,-0.107343162417169,0.994222030274064,8.33333333333333
89640.2640757673,43181.8569674106,0,0,0,-0.0740877677129164,0.997251724829452,8.33333333333333
89640.965604933,43181.7772891119,0,0,0,-0.0409134793990198,0.999162693060277,8.33333333333333
89641.6714953155,43181.745469518,0,0,0,-0.00863093492685433,0.999962752787467,8.33333333333333
89642.3778408228,43181.7600496493,0,0,0,0.021920983256063,0.999759706376031,8.33333333333333
89643.0807476914,43181.8195554716,0,0,0,0.0499164125279757,0.998753398872984,8.33333333333333
89643.7777032421,43181.9208264401,0,0,0,0.0749739222952404,0.997185494767983,8.33333333333333
89644.4688195186,43182.0574968305,0,0,0,0.0975408652040574,0.995231520609774,8.33333333333333
89645.1545022496,43182.2228422853,0,0,0,0.118159728210263,0.992994601510641,8.33333333333333
89645.83515711,43182.4101386711,0,0,0,0.137372873863136,0.990519405931344,8.33333333333333
89646.5107425065,43182.6145322304,0,0,0,0.155564759154806,0.987825696015804,8.33333333333333
89647.1796847033,43182.8375762833,0,0,0,0.172586518236147,0.984994362279868,8.33333333333333
89647.8400821609,43183.0821949517,0,0,0,0.18817921360347,0.982134707444747,8.33333333333333
89648.4900333398,43183.3513123572,0,0,0,0.202088185101351,0.979367329168398,8.33333333333333
89649.1281368092,43183.6468641297,0,0,0,0.214060747405298,0.976820350126002,8.33333333333333
89649.7563616836,43183.9641238341,0,0,0,0.223835618436471,0.974626911140444,8.33333333333333
89650.3780691537,43184.2956135209,0,0,0,0.231148004884785,0.972918598772674,8.33333333333333
89650.996624801,43184.6338465626,0,0,0,0.235732218032073,0.971818049524539,8.33333333333333
89651.6153371557,43184.9714714306,0,0,0,0.237326184430756,0.971430019190028,8.33333333333333
89652.2362583269,43185.3041118462,0,0,0,0.235812188542981,0.971798647732425,8.33333333333333
89652.8602142175,43185.6302952291,0,0,0,0.23121186117021,0.972903425450958,8.33333333333333
89653.4879797238,43185.9486697853,0,0,0,0.223546153628938,0.974693345210537,8.33333333333333
89654.1203317869,43186.2578775886,0,0,0,0.212829180455986,0.977089422697039,8.33333333333333
89654.7585437606,43186.5550721488,0,0,0,0.198831739637235,0.980033641929108,8.33333333333333
89655.4050291575,43186.8339880489,0,0,0,0.180768200544835,0.98352572801721,8.33333333333333
89656.0623609426,43187.0878817308,0,0,0,0.157762528210683,0.987477080591025,8.33333333333333
89656.7331119428,43187.3100095633,0,0,0,0.128926261569893,0.991654183209858,8.33333333333333
89657.4184897925,43187.4929031925,0,0,0,0.0937886888349987,0.995592126247798,8.33333333333333
89658.1149838946,43187.6265895568,0,0,0,0.0533618561097651,0.998575241187423,8.33333333333333
89658.8180650731,43187.7005548747,0,0,0,0.00902512085900559,0.999959272767386,8.33333333333333
89659.5232041522,43187.7042853648,0,0,0,-0.0377924908155193,0.999285608641473,8.33333333333333
89660.2254350648,43187.6289500981,0,0,0,-0.0858344183820601,0.996309416105767,8.33333333333333
89660.9173627483,43187.4750743506,0,0,0,-0.134963751640414,0.990850536530684,8.33333333333333
89661.5907528809,43187.2464161238,0,0,0,-0.185412127650315,0.982660848370476,8.33333333333333
89662.2373703412,43186.9467365012,0,0,0,-0.237375522972817,0.971417964160321,8.33333333333333
89662.8489502399,43186.5798080568,0,0,0,-0.290971044393678,0.956731859678799,8.33333333333333
89663.4167417214,43186.14959096,0,0,0,-0.345775029131989,0.938317445872543,8.33333333333333
89663.9315979408,43185.6601982413,0,0,0,-0.400950833230525,0.916099573917458,8.33333333333333
89664.3843605181,43185.1157473841,0,0,0,-0.455667076415814,0.890150276903099,8.33333333333333
89664.7659957954,43184.5204504366,0,0,0,-0.509136252405628,0.860685933710057,8.33333333333333
89665.0709679517,43183.8811715138,0,0,0,-0.560754893364322,0.827981853404993,8.33333333333333
89665.2976290056,43183.2077224984,0,0,0,-0.610110595140958,0.792316263683099,8.33333333333333
89665.4445339718,43182.5100691851,0,0,0,-0.656845919969136,0.754024825466575,8.33333333333333
89665.5102345827,43181.7981865575,0,0,0,-0.700661114939082,0.71349422002727,8.33333333333333
89665.4929880565,43181.082874126,0,0,0,-0.741568806539631,0.670876818177069,8.33333333333333
89665.3905278808,43180.3763976467,0,0,0,-0.779998046698057,0.625781948562929,8.33333333333333
89665.200533599,43179.6911738976,0,0,0,-0.81628574539145,0.577648320235353,8.33333333333333
89664.9206847547,43179.0396196568,0,0,0,-0.85060216606868,0.525809808846573,8.33333333333333
89664.5507208042,43178.4334811498,0,0,0,-0.882716512121427,0.469905904653456,8.33333333333333
89664.1003386381,43177.8812632094,0,0,0,-0.911403317967722,0.411514267064251,8.33333333333333
89663.5822398819,43177.3904925526,0,0,0,-0.935607221076777,0.353042671456286,8.33333333333333
89663.0091267866,43176.9686956929,0,0,0,-0.954843030074505,0.297110733428024,8.33333333333333
89662.3933743959,43176.6216317592,0,0,0,-0.969201398021611,0.246269466383786,8.33333333333333
89661.7450757565,43176.3427338468,0,0,0,-0.979418139435065,0.201841789888902,8.33333333333333
89661.0733521074,43176.1201859066,0,0,0,-0.986372120090369,0.164529756300889,8.33333333333333
89660.3873210961,43175.9421524904,0,0,0,-0.990854632276775,0.134933678878391,8.33333333333333
89659.6955657581,43175.7969786971,0,0,0,-0.993549003894081,0.113403601623051,8.33333333333333
89659.0016718604,43175.6746972841,0,0,0,-0.99512533137369,0.0986183292213157,8.33333333333333
89658.3064985531,43175.5662618315,0,0,0,-0.996091087401391,0.088332019106976,8.33333333333333
89657.6108774427,43175.4626352213,0,0,0,-0.996773454887461,0.0802663044603089,8.33333333333333
89656.9156143993,43175.3550102791,0,0,0,-0.997391676973308,0.0721792401205017,8.33333333333333
89656.2205668428,43175.2430537272,0,0,0,-0.997977661507334,0.0635656128134742,8.33333333333333
89655.5243894247,43175.1371783841,0,0,0,-0.998423440416131,0.0561305053212227,8.33333333333333
89654.8256592947,43175.0484895069,0,0,0,-0.998661406776518,0.0517242169118707,8.33333333333333
89654.1229684004,43174.987996022,0,0,0,-0.998637098919765,0.0521914232524465,8.33333333333333
89653.416676265,43174.9552004578,0,0,0,-0.998277353796219,0.0586713294345655,8.33333333333333
89652.7105630151,43174.927338218,0,0,0,-0.997480734964448,0.0709378839181516,8.33333333333333
89652.0088000729,43174.8790974868,0,0,0,-0.996067192710028,0.0886010587225908,8.33333333333333
89651.315557616,43174.7851767798,0,0,0,-0.99379150756756,0.111258435575002,8.33333333333333
89650.6340566163,43174.6281524056,0,0,0,-0.990389775259639,0.138304349393506,8.33333333333333
89649.9648778571,43174.4125125418,0,0,0,-0.985684688146115,0.168599215758247,8.33333333333333
89649.3081467522,43174.1465246391,0,0,0,-0.979609455887706,0.200911209083498,8.33333333333333
89648.6639887153,43173.8384561486,0,0,0,-0.972232126459686,0.234018572510127,8.33333333333333
89648.0331238214,43173.4959372481,0,0,0,-0.963715852677768,0.266930244254116,8.33333333333333
89647.4257442074,43173.116447312,0,0,0,-0.953327857311908,0.301937073697629,8.33333333333333
89646.8596389109,43172.6893244417,0,0,0,-0.93904997334427,0.343780667813251,8.33333333333333
89646.3528108672,43172.2036775131,0,0,0,-0.91787267726405,0.3968749782137,8.33333333333333
89645.9230910567,43171.6490231311,0,0,0,-0.885492018469623,0.464654587006944,8.33333333333333
89645.5828623347,43171.027796124,0,0,0,-0.839932769381643,0.542690466950437,8.33333333333333
89645.3380725795,43170.3576895022,0,0,0,-0.785394729294289,0.618995249736822,8.33333333333333
89645.1942981261,43169.6572758535,0,0,0,-0.73006978555744,0.68337259837962,8.33333333333333
89645.1543909417,43168.9439679786,0,0,0,-0.682624296635099,0.730769505140599,8.33333333333333
89645.21210157,43168.2313041252,0,0,0,-0.643876743897121,0.765129230044469,8.33333333333333
89645.3592822111,43167.5320144001,0,0,0,-0.611615906749523,0.791154841109475,8.33333333333333
89645.5877850651,43166.8588289097,0,0,0,-0.582699923650602,0.812687393145472,8.33333333333333
89645.8890907705,43166.2235056125,0,0,0,-0.553551892789523,0.832814686463403,8.33333333333333
89646.2491300906,43165.6232818558,0,0,0,-0.522404745279588,0.852697649879117,8.33333333333333
89646.6495664845,43165.0442300756,0,0,0,-0.489072714281617,0.87224301667896,8.33333333333333
89647.07195393,43164.472136262,0,0,0,-0.453412466395394,0.89130081079131,8.33333333333333
89647.5000189793,43163.895361284,0,0,0,-0.415402237219758,0.909637829750292,8.33333333333333
89647.9398816349,43163.3288061408,0,0,0,-0.376279979897388,0.926506004690969,8.33333333333333
89648.4108567535,43162.803010027,0,0,0,-0.338128874927981,0.941099816140636,8.33333333333333
89648.9324291111,43162.3487135214,0,0,0,-0.30315731636798,0.952940523607095,8.33333333333333
89649.5192843002,43161.9891584741,0,0,0,-0.273300773674629,0.961928628905934,8.33333333333333
89650.1584109823,43161.7043102543,0,0,0,-0.248531909544793,0.968623709155428,8.33333333333333
89650.8268834425,43161.4586430092,0,0,0,-0.228055897678075,0.973648040892728,8.33333333333333
89651.5017633878,43161.216611232,0,0,0,-0.211023710756833,0.977480942780173,8.33333333333333
89652.1611280637,43160.9444729036,0,0,0,-0.196500953530138,0.980503633477075,8.33333333333333
89652.8015497843,43160.6413312527,0,0,0,-0.182598900865683,0.983187490462854,8.33333333333333
89653.4357405936,43160.3349519278,0,0,0,-0.16658918147798,0.986026391439142,8.33333333333333
89654.0769542645,43160.05406263,0,0,0,-0.14568493240301,0.989331036847996,8.33333333333333
89654.7382811799,43159.8271557147,0,0,0,-0.117105421025685,0.993119489470626,8.33333333333333
89655.4244188382,43159.6706344834,0,0,0,-0.0801934367710374,0.996779319959463,8.33333333333333
89656.1278078348,43159.5832474781,0,0,0,-0.0374722130830725,0.999297669989607,8.33333333333333
89656.8399176582,43159.5623444653,0,0,0,0.0082097622461507,0.999966299334063,8.33333333333333
89657.5522179122,43159.6052755349,0,0,0,0.0539556526582692,0.998543332833493,8.33333333333333
89658.2565351866,43159.7103937528,0,0,0,0.0979118837764707,0.995195087917612,8.33333333333333
89658.9458425896,43159.8792734026,0,0,0,0.141583991904867,0.989926246361961,8.33333333333333
89659.6133429388,43160.1141341522,0,0,0,0.187111970646932,0.982338592564001,8.33333333333333
89660.2522390518,43160.4171956695,0,0,0,0.236548078330938,0.971619785017751,8.33333333333333
89660.8556421625,43160.7899302856,0,0,0,0.291275593329474,0.956639184191492,8.33333333333333
89661.4158947652,43161.2275373236,0,0,0,0.348254941357286,0.937399859089083,8.33333333333333
89661.9249552515,43161.7220817806,0,0,0,0.402511794486564,0.915414799584978,8.33333333333333
89662.3747791722,43162.2656054713,0,0,0,0.449490536046359,0.893285093351925,8.33333333333333
89662.7600908089,43162.8503469261,0,0,0,0.485838305446618,0.874048706286302,8.33333333333333
89663.0889066903,43163.4694890747,0,0,0,0.511894738755037,0.85904818050847,8.33333333333333
89663.3732274281,43164.1164979118,0,0,0,0.528918953456614,0.848672339996044,8.33333333333333
89663.6250543809,43164.7848394851,0,0,0,0.538001575439113,0.842943832544632,8.33333333333333
89663.8567589218,43165.4675795101,0,0,0,0.540024464715914,0.841649319793161,8.33333333333333
89664.0847663357,43166.1533976274,0,0,0,0.535115583053424,0.844778854359764,8.33333333333333
89664.3280044121,43166.8282659259,0,0,0,0.522901020241417,0.852393408603378,8.33333333333333
89664.6054378574,43167.478116553,0,0,0,0.502881409761396,0.864355417473849,8.33333333333333
89664.9360313777,43168.0888816562,0,0,0,0.474436599333651,0.880289675739027,8.33333333333333
89665.3387458112,43168.6464951703,0,0,0,0.436837163002644,0.899540601095805,8.33333333333333
89665.8252109837,43169.14027805,0,0,0,0.389736554728097,0.920926391145717,8.33333333333333
89666.3844827204,43169.5699807236,0,0,0,0.334264824359321,0.94247919191674,8.33333333333333
89667.0012858231,43169.9373546069,0,0,0,0.272047298697923,0.962283880812291,8.33333333333333
89667.6603450934,43170.2441511158,0,0,0,0.204968684228997,0.978768531617887,8.33333333333333
89668.3466587533,43170.4903604045,0,0,0,0.135129098812075,0.990828000540072,8.33333333333333
89669.0472855028,43170.662699874,0,0,0,0.0646564861670462,0.99790758028814,8.33333333333333
89669.7502233333,43170.7418363939,0,0,0,-0.00431193698925193,0.999990703556488,8.33333333333333
89670.4434750158,43170.7084060468,0,0,0,-0.0696580766781363,0.997570925976445,8.33333333333333
89671.1167178987,43170.5494387299,0,0,0,-0.129519476809208,0.991576878072028,8.33333333333333
89671.7682221945,43170.2847733249,0,0,0,-0.18298713550437,0.98311530770297,8.33333333333333
89672.3990067632,43169.9447435066,0,0,0,-0.229534968146965,0.973300415286962,8.33333333333333
89673.0100916922,43169.5596876352,0,0,0,-0.268733841172252,0.963214473836854,8.33333333333333
89673.6021817556,43169.1563274943,0,0,0,-0.300469920884989,0.953791290924471,8.33333333333333
89674.1739933312,43168.7385783511,0,0,0,-0.326203106222106,0.94529970564422,8.33333333333333
89674.7234697732,43168.3014890485,0,0,0,-0.347941579635676,0.937516217012074,8.33333333333333
89675.2485527112,43167.8400886463,0,0,0,-0.367628539630037,0.929972718336127,8.33333333333333
89675.7472827499,43167.3496164071,0,0,0,-0.387103429868393,0.922036297866915,8.33333333333333
89676.2199492303,43166.830087438,0,0,0,-0.40717740897219,0.913349088586995,8.33333333333333
89676.669074952,43166.2862602438,0,0,0,-0.427678444789495,0.903930941976454,8.33333333333333
89677.097278634,43165.7230970424,0,0,0,-0.448397435671348,0.893834290952948,8.33333333333333
89677.5071511512,43165.145537788,0,0,0,-0.469133006992247,0.883127522926566,8.33333333333333
89677.8983786482,43164.5561998857,0,0,0,-0.48984275131721,0.871810804579747,8.33333333333333
89678.2652398363,43163.9533770922,0,0,0,-0.510762813205859,0.859721669289565,8.33333333333333
89678.6014236029,43163.3348915565,0,0,0,-0.532143202830051,0.84665436376468,8.33333333333333
89678.9006188357,43162.6985654272,0,0,0,-0.554213209269602,0.832374746536131,8.33333333333333
89679.1576292707,43162.0431352746,0,0,0,-0.577130051700426,0.816652253669984,8.33333333333333
89679.3716884249,43161.3709710659,0,0,0,-0.600840960589992,0.799368588372908,8.33333333333333
89679.543129907,43160.6853450859,0,0,0,-0.625235504358097,0.780436137099043,8.33333333333333
89679.6722873255,43159.9895296192,0,0,0,-0.650193691192847,0.759768493643307,8.33333333333333
89679.7592304828,43159.2868120879,0,0,0,-0.675568757728237,0.737296991436644,8.33333333333333
89679.8015692044,43158.5806210689,0,0,0,-0.701053912334888,0.713108275088676,8.33333333333333
89679.7955736927,43157.8744620077,0,0,0,-0.72627700574787,0.687402146433883,8.33333333333333
89679.7375007045,43157.1718411211,0,0,0,-0.75089618656384,0.660420257869096,8.33333333333333
89679.6238998399,43156.4762464856,0,0,0,-0.774607697157854,0.632442025409291,8.33333333333333
89679.4555225971,43155.7909058874,0,0,0,-0.797171890787507,0.603752413277389,8.33333333333333
89679.2362654922,43155.1188522919,0,0,0,-0.818404847340266,0.574642067595087,8.33333333333333
89678.9701009314,43154.4631139635,0,0,0,-0.838159995446175,0.545424442094107,8.33333333333333
89678.6609624978,43153.826712036,0,0,0,-0.856333071908057,0.516423924655423,8.33333333333333
89678.3115349488,43153.2124382765,0,0,0,-0.873006629679498,0.487708339620766,8.33333333333333
89677.9230171509,43152.6228115446,0,0,0,-0.888431642055821,0.459008951322301,8.33333333333333
89677.4965212848,43152.0603347788,0,0,0,-0.902824810192462,0.430008560497282,8.33333333333333
89677.0331604934,43151.5275106658,0,0,0,-0.916355808996,0.400364872733968,8.33333333333333
89676.5345676907,43151.0267058621,0,0,0,-0.929021874190887,0.370024806296621,8.33333333333333
89676.0037526612,43150.5599266818,0,0,0,-0.940509679339816,0.339766895191566,8.33333333333333
89675.4439505904,43150.1291204485,0,0,0,-0.950559207003554,0.310543385021763,8.33333333333333
89674.858396664,43149.7362344862,0,0,0,-0.959020334366279,0.283337251825437,8.33333333333333
89674.2504329338,43149.3821131205,0,0,0,-0.965897796120811,0.258923632465174,8.33333333333333
89673.6239752159,43149.0616786729,0,0,0,-0.971543911433985,0.236859511431466,8.33333333333333
89672.9831310618,43148.7678745069,0,0,0,-0.976334736091909,0.216264844809187,8.33333333333333
89672.3320081579,43148.4936425917,0,0,0,-0.980557404759991,0.196232453917163,8.33333333333333
89671.674473226,43148.2326513754,0,0,0,-0.984403192184105,0.175927130419796,8.33333333333333
89671.0113738587,43147.9876716141,0,0,0,-0.987812211994343,0.155650357644443,8.33333333333333
89670.3415010924,43147.76767433,0,0,0,-0.99064097118784,0.136493465792368,8.33333333333333
89669.6636064542,43147.5817496616,0,0,0,-0.992825408605611,0.119573023826871,8.33333333333333
89668.9765261894,43147.4385071773,0,0,0,-0.994368241861722,0.105980184831075,8.33333333333333
89668.2813602339,43147.3337155032,0,0,0,-0.995380758862794,0.0960059627613182,8.33333333333333
89667.5816625241,43147.2492227762,0,0,0,-0.996025527088147,0.0890682288404762,8.33333333333333
89666.8811098546,43147.1661802131,0,0,0,-0.996420490825424,0.0845352320823708,8.33333333333333
89666.183351078,43147.0658927592,0,0,0,-0.996650399687741,0.0817800758269754,8.33333333333333
89665.4900570905,43146.9405476287,0,0,0,-0.996733135589177,0.0807654407439686,8.33333333333333
89664.7996457764,43146.8002293681,0,0,0,-0.996597213368829,0.0824256895966578,8.33333333333333
89664.1102321098,43146.6566890685,0,0,0,-0.996139557582526,0.0877837218354793,8.33333333333333
89663.4199310645,43146.5216778207,0,0,0,-0.995200463286682,0.0978572320984642,8.33333333333333
89662.7273674027,43146.4034582868,0,0,0,-0.99352104767948,0.11364826359372,8.33333333333333
89662.0346276935,43146.2866043328,0,0,0,-0.990694288412478,0.136105940013263,8.33333333333333
89661.3452380105,43146.1458394401,0,0,0,-0.986104615664254,0.166125515697182,8.33333333333333
89660.6627291338,43145.9558548841,0,0,0,-0.978860586366714,0.204528610364939,8.33333333333333
89659.9920717879,43145.6934123744,0,0,0,-0.967809621064619,0.251683407031052,8.33333333333333
89659.3503804253,43145.3527345694,0,0,0,-0.952333202597693,0.305059783042639,8.33333333333333
89658.7608610367,43144.9368028893,0,0,0,-0.93265656371897,0.360765483592768,8.33333333333333
89658.2467653387,43144.4486645024,0,0,0,-0.909784783405902,0.415080290887289,8.33333333333333
89657.8312879478,43143.8913821035,0,0,0,-0.885520744635631,0.46459983945322,8.33333333333333
89657.523006914,43143.2719929059,0,0,0,-0.861832760138803,0.507192560623215,8.33333333333333
89657.2965596136,43142.6067632293,0,0,0,-0.839724405934786,0.54301281944119,8.33333333333333
89657.1217777044,43141.913266158,0,0,0,-0.819890973822592,0.572519686163054,8.33333333333333
89656.9684928438,43141.2090747768,0,0,0,-0.802876235163101,0.596145746449914,8.33333333333333
89656.8078507523,43140.5110782111,0,0,0,-0.789051109520482,0.614327556409848,8.33333333333333
89656.6341997346,43139.8240888345,0,0,0,-0.77798566432761,0.628282027516885,8.33333333333333
89656.4617532373,43139.1425793791,0,0,0,-0.768510296810972,0.639837419736852,8.33333333333333
89656.3053662317,43138.4606886686,0,0,0,-0.759299417082258,0.650741419627292,8.33333333333333
89656.1798762409,43137.772565372,0,0,0,-0.748926239757706,0.662653368966296,8.33333333333333
89656.0955503222,43137.0749370594,0,0,0,-0.736598334594616,0.676330461736301,8.33333333333333
89656.0519928319,43136.3705477672,0,0,0,-0.723222425043875,0.690615177876693,8.33333333333333
89656.0472903961,43135.6629979159,0,0,0,-0.710040389827789,0.704160950928977,8.33333333333333
89656.0795296412,43134.9558879263,0,0,0,-0.698391463319254,0.715715979954892,8.33333333333333
89656.1460235252,43134.2525622901,0,0,0,-0.689675254989705,0.724118804240634,8.33333333333333
89656.2340482125,43133.5530453345,0,0,0,-0.685153134678107,0.728399054118526,8.33333333333333
89656.3238722339,43132.8550432665,0,0,0,-0.685935373052764,0.727662465704372,8.33333333333333
89656.3956209029,43132.1562149166,0,0,0,-0.693028194051521,0.720910481439747,8.33333333333333
89656.4320248901,43131.4546862124,0,0,0,-0.706800945724282,0.707412484427056,8.33333333333333
89656.4290864968,43130.7509624624,0,0,0,-0.725139265452013,0.688602240556705,8.33333333333333
89656.3870232503,43130.0463046941,0,0,0,-0.745274667183801,0.666757579974968,8.33333333333333
89656.3060544113,43129.3419742461,0,0,0,-0.764682487624791,0.644407241672501,8.33333333333333
89656.1853566269,43128.6402924954,0,0,0,-0.781808701213831,0.623518367577366,8.33333333333333
89656.019117038,43127.9486537135,0,0,0,-0.798386363263081,0.602145509786092,8.33333333333333
89655.8000319591,43127.275967914,0,0,0,-0.816802723968563,0.576917073865504,8.33333333333333
89655.5207974385,43126.6311453814,0,0,0,-0.838988563187513,0.544149052044155,8.33333333333333
89655.1751854154,43126.0223205469,0,0,0,-0.865733367034797,0.500505481690855,8.33333333333333
89654.7714239643,43125.4472031456,0,0,0,-0.891653095694542,0.452719291546473,8.33333333333333
89654.3280851374,43124.8960436006,0,0,0,-0.909345012356615,0.416042844551073,8.33333333333333
89653.8639631974,43124.3589321243,0,0,0,-0.913490539539526,0.406859968750658,8.33333333333333
89653.3916818859,43123.8304935874,0,0,0,-0.903078955359868,0.429474563142137,8.33333333333333
89652.9042459889,43123.3197706494,0,0,0,-0.892564357524043,0.450920023593645,8.33333333333333
89652.3907699556,43122.838664942,0,0,0,-0.9018810251814,0.431984509465035,8.33333333333333
89651.8403682356,43122.3990780968,0,0,0,-0.9438756168473,0.330301104934768,8.33333333333333
89651.2437501365,43122.0130120382,0,0,0,-0.994021882299584,0.10918103090552,8.33333333333333
89650.605172419,43121.6933206249,0,0,0,-0.991684425415683,-0.128693435683279,8.33333333333333
89649.9357283659,43121.4532876311,0,0,0,-0.979036028983864,-0.203687147241811,8.33333333333333
89649.2465637418,43121.3062001317,0,0,0,-0.998470719122379,0.0552831172713621,8.33333333333333
89648.5477174735,43121.2588409072,0,0,0,-0.721963152708397,0.691931503930376,8.33333333333333
89647.8438136351,43121.2861725416,0,0,0,0.157514448535148,0.987516682645244,8.33333333333333
89647.1378230071,43121.3534420962,0,0,0,0.888264213918567,0.459332870880836,8.33333333333333
89646.4326855155,43121.4263197627,0,0,0,0.989175901814069,-0.146734574215909,8.33333333333333
89645.7300003793,43121.4892145882,0,0,0,0.937866151858912,-0.346997235143678,8.33333333333333
89645.0295284045,43121.5522308204,0,0,0,0.961785595835742,-0.273803702755984,8.33333333333333
89644.3308972903,43121.6273331238,0,0,0,0.997766302771826,-0.0668012354155345,8.33333333333333
89643.6337492301,43121.7264708832,0,0,0,0.991958049060136,0.12656709250358,8.33333333333333
89642.9396949826,43121.8595183112,0,0,0,0.977261326311007,0.212038440139639,8.33333333333333
89642.2542898677,43122.0321914417,0,0,0,0.975184508749987,0.221393707891725,8.33333333333333
89641.5835598128,43122.2497102155,0,0,0,0.980102004211249,0.198494486928714,8.33333333333333
89640.9333862523,43122.5170681741,0,0,0,0.982590531047953,0.185784413487522,8.33333333333333
89640.3044831852,43122.8311622776,0,0,0,0.979426725386611,0.2018001228901,8.33333333333333
89639.6911011079,43123.178762164,0,0,0,0.972105731751392,0.234543058511846,8.33333333333333
89639.0870827331,43123.5459985373,0,0,0,0.96282250818368,0.270134814000136,8.33333333333333
89638.4876391977,43123.921295723,0,0,0,0.954910659409662,0.296893301618283,8.33333333333333
89637.8964791423,43124.3073207518,0,0,0,0.949218968230109,0.314616195311316,8.33333333333333
89637.3205681916,43124.7121997009,0,0,0,0.944918008671763,0.327307129295697,8.33333333333333
89636.7668786215,43125.1440697952,0,0,0,0.940831002009788,0.338876121403174,8.33333333333333
89636.2407422493,43125.6090685869,0,0,0,0.935803160229252,0.352522971315267,8.33333333333333
89635.7379344189,43126.1016845569,0,0,0,0.929947873188496,0.367691383026843,8.33333333333333
89635.2507793296,43126.6121993387,0,0,0,0.923951324026194,0.382510066312304,8.33333333333333
89634.7715968203,43127.1308892588,0,0,0,0.918615741663188,0.395152020327102,8.33333333333333
89634.2945148043,43127.6502828824,0,0,0,0.914607322873052,0.404343226661445,8.33333333333333
89633.8197160263,43128.1704510111,0,0,0,0.911844999287707,0.410534648079795,8.33333333333333
89633.3486492121,43128.6930414238,0,0,0,0.910041578750185,0.414516977874092,8.33333333333333
89632.8827630874,43129.2197018991,0,0,0,0.90887605604448,0.417066319365436,8.33333333333333
89632.423506378,43129.7520802157,0,0,0,0.908009034255281,0.418950586239942,8.33333333333333
89631.9723278098,43130.2918241523,0,0,0,0.907091567234106,0.420933354169961,8.33333333333333
89631.5306761085,43130.8405814875,0,0,0,0.905767544327753,0.423774887932818,8.33333333333333
89631.1,43131.4,0,0,0,0.903669682531881,0.428230200794771,8.33333333333333
